{"_timestamp":1.7376621326974213e+09,"examples":{"sha256":"0b519ca8f525a43c0f83415e05fcdc5749211a292886d2f37052a99c43ca715c","size":158428,"path":"media/images/examples_0_0b519ca8f525a43c0f83.png","format":"png","width":1500,"height":500,"_type":"image-file"},"epoch/accuracy":0.8105400800704956,"_step":11,"epoch/loss":0.46270444989204407,"epoch/learning_rate":0.0010000000474974513,"epoch/val_loss":0.4953755736351013,"epoch/epoch":9,"Test Loss":2.114785671234131,"Test Accuracy":0.48984771966934204,"_runtime":322.1898642,"epoch/val_accuracy":0.8048780560493469,"_wandb":{"runtime":787}}